Time,Vehicle#,Type,Light,Violation
12:32:46,1,car,unknown,NO
12:32:46,2,car,unknown,NO
12:32:46,3,car,unknown,NO
12:32:46,4,car,unknown,NO
12:32:46,5,car,unknown,NO
12:32:47,6,car,unknown,NO
12:32:47,7,car,unknown,NO
12:32:47,8,car,unknown,NO
12:32:47,9,car,unknown,NO
12:32:48,10,car,unknown,NO
12:32:48,11,car,unknown,NO
12:32:48,12,car,unknown,NO
12:32:48,13,car,unknown,NO
12:32:48,14,car,unknown,NO
12:32:48,15,car,unknown,NO
12:32:48,16,car,unknown,NO
12:32:49,17,car,unknown,NO
12:32:49,18,car,unknown,NO
12:32:49,19,car,unknown,NO
12:32:49,20,car,unknown,NO
12:32:49,21,car,unknown,NO
12:32:50,22,car,unknown,NO
12:32:50,23,car,unknown,NO
12:32:50,24,car,unknown,NO
12:32:50,25,car,unknown,NO
12:32:50,26,car,unknown,NO
12:32:50,27,car,unknown,NO
12:32:50,28,car,unknown,NO
12:32:51,29,car,unknown,NO
12:32:51,30,car,unknown,NO
12:32:51,31,car,unknown,NO
12:32:51,32,car,unknown,NO
12:32:51,33,car,unknown,NO
12:32:51,34,car,unknown,NO
12:32:51,35,car,unknown,NO
12:32:52,36,car,unknown,NO
12:32:52,37,car,unknown,NO
12:32:52,38,car,unknown,NO
12:32:52,39,truck,unknown,NO
12:32:52,40,truck,unknown,NO
12:32:52,41,truck,unknown,NO
12:32:53,42,truck,unknown,NO
12:32:53,43,car,unknown,NO
12:32:53,44,truck,unknown,NO
12:32:53,45,car,unknown,NO
12:32:53,46,truck,unknown,NO
12:32:53,47,car,unknown,NO
12:32:53,48,car,unknown,NO
12:32:54,49,car,unknown,NO
12:32:54,50,car,unknown,NO
12:32:54,51,car,unknown,NO
12:32:54,52,car,unknown,NO
12:32:54,53,car,unknown,NO
12:32:54,54,car,unknown,NO
12:32:54,55,car,unknown,NO
12:32:55,56,truck,unknown,NO
12:32:55,57,car,unknown,NO
12:32:55,58,car,unknown,NO
12:32:55,59,truck,unknown,NO
12:32:55,60,truck,unknown,NO
12:32:55,61,truck,unknown,NO
12:32:55,62,truck,unknown,NO
12:32:56,63,truck,unknown,NO
12:32:56,64,truck,unknown,NO
12:32:56,65,truck,unknown,NO
12:32:56,66,truck,unknown,NO
12:32:56,67,truck,green,NO
12:32:56,68,car,green,NO
12:32:56,69,car,unknown,NO
12:32:57,70,truck,unknown,NO
12:32:57,71,truck,unknown,NO
12:32:57,72,truck,unknown,NO
12:32:57,73,car,unknown,NO
12:32:57,74,truck,unknown,NO
12:32:57,75,truck,unknown,NO
12:32:58,76,truck,unknown,NO
12:32:58,77,truck,unknown,NO
12:32:58,78,car,unknown,NO
12:32:58,79,truck,unknown,NO
12:32:58,80,truck,unknown,NO
12:32:58,81,truck,unknown,NO
12:32:58,82,truck,unknown,NO
12:32:59,83,truck,unknown,NO
12:32:59,84,truck,unknown,NO
12:32:59,85,truck,unknown,NO
12:32:59,86,truck,unknown,NO
12:32:59,87,truck,unknown,NO
12:32:59,88,truck,unknown,NO
12:32:59,89,truck,unknown,NO
12:33:00,90,truck,unknown,NO
12:33:00,91,truck,unknown,NO
12:33:00,92,truck,unknown,NO
12:33:03,93,motorcycle,unknown,NO
12:33:33,94,motorcycle,unknown,NO
12:33:33,95,motorcycle,unknown,NO
12:33:34,96,motorcycle,unknown,NO
12:33:35,97,motorcycle,unknown,NO
12:33:35,98,motorcycle,unknown,NO
12:33:37,99,motorcycle,unknown,NO
12:33:40,100,car,unknown,NO
12:33:40,101,car,unknown,NO
12:33:40,102,car,unknown,NO
12:33:40,103,car,unknown,NO
12:33:40,104,car,unknown,NO
12:33:40,105,car,unknown,NO
12:33:41,106,truck,unknown,NO
12:33:41,107,car,unknown,NO
12:33:41,108,car,unknown,NO
12:33:41,109,car,unknown,NO
12:33:41,110,car,green,NO
12:33:41,111,car,unknown,NO
12:33:41,112,car,unknown,NO
12:33:42,113,car,unknown,NO
12:33:42,114,car,unknown,NO
12:33:42,115,car,unknown,NO
12:33:42,116,car,unknown,NO
12:33:42,117,motorcycle,unknown,NO
12:33:42,118,car,unknown,NO
12:33:43,119,car,unknown,NO
12:33:43,120,car,unknown,NO
12:33:43,121,car,unknown,NO
12:33:43,122,car,unknown,NO
12:33:43,123,car,unknown,NO
12:33:43,124,car,unknown,NO
12:33:43,125,motorcycle,unknown,NO
12:33:44,126,car,unknown,NO
12:33:44,127,motorcycle,unknown,NO
12:33:44,128,truck,unknown,NO
12:33:44,129,truck,unknown,NO
12:33:44,130,car,unknown,NO
12:33:44,131,car,unknown,NO
12:33:44,132,motorcycle,unknown,NO
12:33:45,133,motorcycle,unknown,NO
12:33:45,134,car,unknown,NO
12:33:45,135,car,unknown,NO
12:33:45,136,car,unknown,NO
12:33:45,137,car,unknown,NO
12:33:45,138,car,unknown,NO
12:33:45,139,car,unknown,NO
12:33:46,140,car,unknown,NO
12:33:46,141,car,unknown,NO
12:33:46,142,car,unknown,NO
12:33:46,143,car,unknown,NO
12:33:46,144,car,unknown,NO
12:33:46,145,car,unknown,NO
12:33:46,146,car,unknown,NO
12:33:47,147,car,unknown,NO
12:33:47,148,car,unknown,NO
12:33:47,149,car,unknown,NO
12:33:47,150,car,unknown,NO
12:33:47,151,car,unknown,NO
12:33:47,152,car,unknown,NO
12:33:47,153,car,unknown,NO
12:33:48,154,car,unknown,NO
12:33:48,155,car,unknown,NO
12:33:48,156,car,unknown,NO
12:33:48,157,car,unknown,NO
12:33:48,158,car,unknown,NO
12:33:48,159,car,unknown,NO
12:33:48,160,car,unknown,NO
12:33:49,161,motorcycle,unknown,NO
12:33:49,162,car,unknown,NO
12:33:49,163,car,unknown,NO
12:33:49,164,car,unknown,NO
12:33:49,165,car,unknown,NO
12:33:49,166,car,unknown,NO
12:33:50,167,car,unknown,NO
12:33:50,168,car,unknown,NO
12:33:50,169,car,unknown,NO
12:33:50,170,car,unknown,NO
12:33:50,171,car,unknown,NO
12:33:50,172,car,unknown,NO
12:33:50,173,car,unknown,NO
12:33:51,174,car,unknown,NO
12:33:51,175,car,unknown,NO
12:33:51,176,car,unknown,NO
12:33:51,177,car,unknown,NO
12:33:51,178,car,unknown,NO
12:33:51,179,car,unknown,NO
12:33:51,180,car,unknown,NO
12:33:52,181,motorcycle,unknown,NO
12:33:52,182,car,unknown,NO
12:33:52,183,car,unknown,NO
12:33:52,184,car,unknown,NO
12:33:52,185,car,unknown,NO
12:33:52,186,motorcycle,unknown,NO
12:33:53,187,car,unknown,NO
12:33:53,188,car,unknown,NO
12:33:53,189,car,unknown,NO
12:33:53,190,car,unknown,NO
12:33:53,191,car,unknown,NO
12:33:53,192,car,unknown,NO
12:33:53,193,motorcycle,unknown,NO
12:33:54,194,motorcycle,unknown,NO
12:33:54,195,motorcycle,unknown,NO
12:33:54,196,car,unknown,NO
12:33:54,197,car,unknown,NO
12:33:54,198,car,unknown,NO
12:33:54,199,car,unknown,NO
12:33:54,200,car,unknown,NO
12:33:55,201,car,unknown,NO
12:33:55,202,car,unknown,NO
12:33:55,203,car,unknown,NO
12:33:55,204,car,unknown,NO
12:33:55,205,car,unknown,NO
12:33:55,206,car,unknown,NO
12:33:55,207,motorcycle,unknown,NO
12:33:56,208,motorcycle,unknown,NO
12:33:56,209,motorcycle,unknown,NO
12:33:56,210,motorcycle,unknown,NO
12:33:56,211,motorcycle,unknown,NO
12:33:56,212,motorcycle,unknown,NO
12:33:56,213,car,unknown,NO
12:33:57,214,car,unknown,NO
12:33:57,215,car,unknown,NO
12:33:57,216,car,unknown,NO
12:33:57,217,car,unknown,NO
12:33:57,218,car,unknown,NO
12:33:57,219,car,unknown,NO
12:33:57,220,car,unknown,NO
12:33:58,221,car,unknown,NO
12:33:58,222,motorcycle,unknown,NO
12:33:58,223,motorcycle,unknown,NO
12:33:58,224,car,unknown,NO
12:33:58,225,car,unknown,NO
12:33:58,226,car,unknown,NO
12:33:59,227,car,unknown,NO
12:33:59,228,car,unknown,NO
12:33:59,229,car,unknown,NO
12:33:59,230,car,unknown,NO
12:33:59,231,car,unknown,NO
12:33:59,232,car,unknown,NO
12:33:59,233,car,unknown,NO
12:34:00,234,car,unknown,NO
12:34:00,235,car,unknown,NO
12:34:00,236,motorcycle,unknown,NO
12:34:00,237,motorcycle,unknown,NO
12:34:00,238,motorcycle,unknown,NO
12:34:00,239,motorcycle,unknown,NO
12:34:00,240,motorcycle,unknown,NO
12:34:01,241,motorcycle,unknown,NO
12:34:01,242,car,unknown,NO
12:34:01,243,car,unknown,NO
12:34:01,244,car,unknown,NO
12:34:01,245,motorcycle,unknown,NO
12:34:01,246,car,unknown,NO
12:34:01,247,car,unknown,NO
12:34:02,248,car,unknown,NO
12:34:02,249,car,unknown,NO
12:34:02,250,car,unknown,NO
12:34:02,251,car,unknown,NO
12:34:02,252,car,unknown,NO
12:34:02,253,car,unknown,NO
12:34:02,254,motorcycle,unknown,NO
12:34:03,255,motorcycle,unknown,NO
12:34:03,256,motorcycle,unknown,NO
12:34:03,257,car,unknown,NO
12:34:03,258,car,unknown,NO
12:34:03,259,car,unknown,NO
12:34:03,260,car,unknown,NO
12:34:03,261,car,unknown,NO
12:34:04,262,car,unknown,NO
12:34:04,263,car,unknown,NO
12:34:04,264,car,unknown,NO
12:34:04,265,car,unknown,NO
12:34:04,266,car,unknown,NO
12:34:04,267,car,unknown,NO
12:34:05,268,car,unknown,NO
12:34:05,269,car,unknown,NO
12:34:05,270,car,unknown,NO
12:34:05,271,car,unknown,NO
12:34:05,272,car,unknown,NO
12:34:05,273,car,unknown,NO
12:34:05,274,car,unknown,NO
12:34:06,275,car,unknown,NO
12:34:06,276,car,unknown,NO
12:34:06,277,car,unknown,NO
12:34:06,278,car,unknown,NO
12:34:06,279,car,unknown,NO
12:34:06,280,car,unknown,NO
12:34:06,281,car,unknown,NO
12:34:07,282,car,unknown,NO
12:34:07,283,car,unknown,NO
12:34:07,284,car,unknown,NO
12:34:07,285,car,unknown,NO
12:34:07,286,car,unknown,NO
12:34:07,287,car,unknown,NO
12:34:07,288,car,unknown,NO
12:34:08,289,car,unknown,NO
12:34:08,290,car,unknown,NO
12:34:08,291,car,unknown,NO
12:34:08,292,car,unknown,NO
12:34:08,293,car,unknown,NO
12:34:08,294,car,unknown,NO
12:34:08,295,car,unknown,NO
12:34:09,296,car,unknown,NO
12:34:09,297,car,unknown,NO
12:34:09,298,car,unknown,NO
12:34:09,299,car,unknown,NO
12:34:09,300,car,unknown,NO
12:34:09,301,car,unknown,NO
12:34:10,302,car,unknown,NO
12:34:25,303,motorcycle,unknown,NO
12:34:25,304,motorcycle,unknown,NO
12:35:04,305,truck,unknown,NO
12:35:12,306,car,unknown,NO
12:35:12,307,car,unknown,NO
12:35:12,308,car,unknown,NO
12:35:12,309,car,unknown,NO
12:35:12,310,car,unknown,NO
12:35:13,311,car,unknown,NO
12:35:13,312,car,unknown,NO
12:35:13,313,car,unknown,NO
12:35:13,314,car,unknown,NO
12:35:13,315,car,unknown,NO
12:35:13,316,car,unknown,NO
12:35:14,317,car,unknown,NO
12:35:14,318,car,unknown,NO
12:35:14,319,car,unknown,NO
12:35:14,320,car,unknown,NO
12:35:14,321,car,unknown,NO
12:35:14,322,car,unknown,NO
12:35:15,323,car,unknown,NO
12:35:15,324,car,unknown,NO
12:35:15,325,car,unknown,NO
12:35:15,326,car,unknown,NO
12:35:15,327,car,unknown,NO
12:35:15,328,car,unknown,NO
12:35:16,329,car,unknown,NO
12:35:16,330,car,unknown,NO
12:35:16,331,car,unknown,NO
12:35:16,332,car,unknown,NO
12:35:16,333,car,unknown,NO
12:35:16,334,car,unknown,NO
12:35:17,335,car,unknown,NO
12:35:17,336,car,unknown,NO
12:35:17,337,car,unknown,NO
12:35:17,338,car,unknown,NO
12:35:17,339,car,unknown,NO
12:35:17,340,car,unknown,NO
12:35:18,341,car,unknown,NO
12:35:18,342,car,unknown,NO
12:35:18,343,car,unknown,NO
12:35:18,344,car,unknown,NO
12:35:18,345,car,unknown,NO
12:35:18,346,car,unknown,NO
12:35:19,347,car,unknown,NO
12:35:19,348,car,unknown,NO
12:35:19,349,car,unknown,NO
12:35:19,350,car,unknown,NO
12:35:19,351,car,unknown,NO
12:35:19,352,car,unknown,NO
12:35:19,353,car,unknown,NO
12:35:20,354,car,unknown,NO
12:35:20,355,car,unknown,NO
12:35:20,356,car,unknown,NO
12:35:20,357,car,unknown,NO
12:35:20,358,car,unknown,NO
12:35:20,359,car,unknown,NO
12:35:21,360,car,unknown,NO
12:35:21,361,car,unknown,NO
12:35:21,362,car,unknown,NO
12:35:21,363,car,unknown,NO
12:35:21,364,car,unknown,NO
12:35:21,365,car,unknown,NO
12:35:22,366,car,unknown,NO
12:35:22,367,car,unknown,NO
12:35:22,368,car,unknown,NO
12:35:22,369,car,unknown,NO
12:35:22,370,car,unknown,NO
12:35:22,371,car,unknown,NO
12:35:23,372,car,unknown,NO
12:35:23,373,car,unknown,NO
12:35:23,374,car,unknown,NO
12:35:23,375,car,unknown,NO
12:35:24,376,car,unknown,NO
12:35:24,377,car,unknown,NO
12:35:24,378,car,unknown,NO
12:35:24,379,car,green,NO
12:35:24,380,car,unknown,NO
12:35:24,381,car,unknown,NO
12:35:25,382,car,unknown,NO
12:35:25,383,car,unknown,NO
12:35:25,384,car,unknown,NO
12:35:25,385,car,unknown,NO
12:35:25,386,car,unknown,NO
12:35:26,387,car,unknown,NO
12:35:26,388,car,unknown,NO
12:35:26,389,car,unknown,NO
12:35:26,390,car,unknown,NO
12:35:26,391,car,unknown,NO
12:35:26,392,car,unknown,NO
12:35:27,393,car,unknown,NO
12:35:27,394,car,unknown,NO
12:35:27,395,car,unknown,NO
12:35:27,396,car,unknown,NO
12:35:27,397,car,unknown,NO
12:35:28,398,car,unknown,NO
12:35:28,399,car,unknown,NO
12:35:28,400,car,unknown,NO
12:35:28,401,car,unknown,NO
12:35:28,402,car,unknown,NO
12:35:29,403,car,unknown,NO
12:35:29,404,car,unknown,NO
12:35:29,405,car,unknown,NO
12:35:29,406,car,unknown,NO
12:35:29,407,car,unknown,NO
12:35:29,408,car,unknown,NO
12:35:30,409,car,unknown,NO
12:35:30,410,car,unknown,NO
12:35:30,411,car,unknown,NO
12:35:30,412,car,unknown,NO
12:35:30,413,car,unknown,NO
12:35:30,414,car,unknown,NO
12:35:31,415,car,unknown,NO
12:35:31,416,car,unknown,NO
12:35:31,417,car,unknown,NO
12:35:31,418,car,unknown,NO
12:35:31,419,car,unknown,NO
12:35:31,420,car,unknown,NO
12:35:32,421,car,unknown,NO
12:35:32,422,car,unknown,NO
12:35:32,423,car,unknown,NO
12:35:32,424,car,unknown,NO
12:35:32,425,car,unknown,NO
12:35:32,426,car,unknown,NO
12:35:32,427,car,unknown,NO
12:35:33,428,car,unknown,NO
12:35:33,429,car,unknown,NO
12:35:33,430,car,unknown,NO
12:35:33,431,car,unknown,NO
12:35:33,432,car,unknown,NO
12:35:33,433,car,unknown,NO
12:35:34,434,car,unknown,NO
12:35:34,435,car,unknown,NO
12:35:34,436,car,unknown,NO
12:35:34,437,car,unknown,NO
12:35:34,438,car,unknown,NO
12:35:34,439,motorcycle,unknown,NO
12:35:35,440,motorcycle,unknown,NO
12:35:35,441,motorcycle,unknown,NO
12:35:35,442,car,unknown,NO
12:35:35,443,car,unknown,NO
12:35:35,444,motorcycle,unknown,NO
12:35:35,445,motorcycle,unknown,NO
12:35:36,446,motorcycle,unknown,NO
12:35:36,447,motorcycle,unknown,NO
12:35:36,448,motorcycle,unknown,NO
12:35:36,449,car,unknown,NO
12:35:36,450,car,unknown,NO
12:35:37,451,truck,unknown,NO
12:35:37,452,car,unknown,NO
12:35:37,453,car,unknown,NO
12:35:37,454,car,unknown,NO
12:35:37,455,car,unknown,NO
12:35:37,456,motorcycle,unknown,NO
12:35:38,457,car,unknown,NO
12:35:38,458,car,unknown,NO
12:35:38,459,car,unknown,NO
12:35:38,460,car,unknown,NO
12:35:38,461,car,unknown,NO
12:35:38,462,car,unknown,NO
12:35:39,463,car,unknown,NO
12:35:39,464,car,unknown,NO
12:35:39,465,car,unknown,NO
12:35:39,466,car,unknown,NO
12:35:39,467,car,unknown,NO
12:35:39,468,car,unknown,NO
12:35:40,469,car,unknown,NO
12:35:40,470,car,unknown,NO
12:35:40,471,car,unknown,NO
12:35:40,472,car,unknown,NO
12:35:40,473,car,unknown,NO
12:35:40,474,car,unknown,NO
12:35:41,475,car,unknown,NO
12:35:41,476,car,unknown,NO
12:35:41,477,car,unknown,NO
12:35:41,478,car,unknown,NO
12:35:41,479,car,unknown,NO
12:35:41,480,car,unknown,NO
12:35:42,481,car,unknown,NO
12:35:42,482,car,unknown,NO
12:35:42,483,car,unknown,NO
12:35:42,484,car,unknown,NO
12:35:42,485,car,unknown,NO
12:35:42,486,car,unknown,NO
12:35:42,487,car,unknown,NO
12:35:43,488,car,unknown,NO
12:35:43,489,car,unknown,NO
12:35:43,490,car,unknown,NO
12:35:43,491,car,unknown,NO
12:35:43,492,car,unknown,NO
12:35:43,493,car,unknown,NO
12:35:43,494,car,unknown,NO
12:35:44,495,car,unknown,NO
12:35:44,496,car,unknown,NO
12:35:44,497,car,unknown,NO
12:35:44,498,car,unknown,NO
12:35:44,499,car,unknown,NO
12:35:44,500,car,unknown,NO
12:35:45,501,car,unknown,NO
12:35:45,502,car,unknown,NO
12:35:45,503,car,unknown,NO
12:35:45,504,car,unknown,NO
12:35:45,505,car,unknown,NO
12:35:46,506,truck,unknown,NO
12:35:46,507,truck,unknown,NO
12:35:46,508,car,unknown,NO
12:35:46,509,car,unknown,NO
12:35:46,510,car,unknown,NO
12:35:47,511,car,unknown,NO
12:35:47,512,truck,unknown,NO
12:35:47,513,car,unknown,NO
12:35:47,514,car,unknown,NO
12:35:47,515,car,unknown,NO
12:35:47,516,car,unknown,NO
12:35:48,517,car,unknown,NO
12:35:48,518,car,unknown,NO
12:35:48,519,car,unknown,NO
12:35:48,520,car,unknown,NO
12:35:48,521,car,unknown,NO
12:35:49,522,car,unknown,NO
12:35:49,523,car,unknown,NO
12:35:49,524,car,unknown,NO
12:35:49,525,car,unknown,NO
12:35:49,526,car,unknown,NO
12:35:50,527,car,unknown,NO
12:35:50,528,car,unknown,NO
12:35:50,529,car,unknown,NO
12:35:50,530,car,unknown,NO
12:35:50,531,car,unknown,NO
12:35:50,532,car,unknown,NO
12:35:51,533,car,unknown,NO
12:35:51,534,car,unknown,NO
12:35:51,535,car,unknown,NO
12:35:51,536,car,unknown,NO
12:35:51,537,car,unknown,NO
12:35:51,538,car,unknown,NO
12:35:52,539,car,unknown,NO
12:35:52,540,car,unknown,NO
12:35:52,541,car,unknown,NO
12:35:52,542,car,unknown,NO
12:35:52,543,car,unknown,NO
12:35:52,544,car,unknown,NO
12:35:52,545,car,unknown,NO
12:35:53,546,car,unknown,NO
12:35:53,547,car,unknown,NO
12:35:53,548,car,unknown,NO
12:35:53,549,car,unknown,NO
12:35:53,550,car,unknown,NO
12:35:53,551,car,unknown,NO
12:35:54,552,car,unknown,NO
12:35:54,553,car,unknown,NO
12:35:54,554,car,unknown,NO
12:35:54,555,car,unknown,NO
12:35:54,556,car,unknown,NO
12:35:55,557,car,unknown,NO
12:35:55,558,car,unknown,NO
12:35:55,559,car,unknown,NO
12:35:55,560,car,unknown,NO
12:35:55,561,car,unknown,NO
12:35:55,562,car,unknown,NO
12:35:56,563,car,unknown,NO
12:35:56,564,car,unknown,NO
12:35:56,565,car,unknown,NO
12:35:56,566,car,unknown,NO
12:35:56,567,car,unknown,NO
12:35:56,568,car,unknown,NO
12:35:56,569,car,unknown,NO
12:35:57,570,car,unknown,NO
12:35:57,571,car,unknown,NO
12:35:57,572,car,unknown,NO
12:35:57,573,car,unknown,NO
12:35:57,574,car,unknown,NO
12:35:57,575,car,unknown,NO
12:35:57,576,car,unknown,NO
12:35:58,577,car,unknown,NO
12:35:58,578,car,unknown,NO
12:35:58,579,car,unknown,NO
12:35:58,580,car,unknown,NO
12:35:58,581,car,unknown,NO
12:35:58,582,car,unknown,NO
12:35:58,583,car,unknown,NO
12:35:59,584,car,unknown,NO
12:35:59,585,car,unknown,NO
12:35:59,586,car,unknown,NO
12:35:59,587,car,unknown,NO
12:35:59,588,car,unknown,NO
12:35:59,589,car,unknown,NO
12:35:59,590,car,unknown,NO
12:36:00,591,car,unknown,NO
12:36:00,592,car,unknown,NO
12:36:00,593,car,unknown,NO
12:36:00,594,car,unknown,NO
12:36:00,595,car,unknown,NO
12:36:00,596,car,unknown,NO
12:36:01,597,car,unknown,NO
12:36:01,598,car,unknown,NO
12:36:01,599,car,unknown,NO
12:36:01,600,car,unknown,NO
12:36:01,601,car,unknown,NO
12:36:01,602,car,unknown,NO
12:36:01,603,car,unknown,NO
12:36:02,604,car,unknown,NO
12:36:02,605,car,unknown,NO
12:36:02,606,car,unknown,NO
12:36:02,607,car,unknown,NO
12:36:02,608,car,unknown,NO
12:36:02,609,car,unknown,NO
12:36:02,610,car,unknown,NO
12:36:03,611,car,unknown,NO
12:36:03,612,car,unknown,NO
12:36:03,613,car,unknown,NO
12:36:03,614,car,unknown,NO
12:36:03,615,car,unknown,NO
12:36:04,616,car,unknown,NO
12:36:04,617,car,unknown,NO
12:36:04,618,car,unknown,NO
12:36:04,619,car,unknown,NO
12:36:04,620,car,unknown,NO
12:36:04,621,car,unknown,NO
12:36:05,622,car,unknown,NO
12:36:05,623,car,unknown,NO
12:36:05,624,car,unknown,NO
12:36:05,625,car,unknown,NO
12:36:05,626,car,unknown,NO
12:36:06,627,car,unknown,NO
12:36:06,628,car,unknown,NO
12:36:06,629,car,unknown,NO
12:36:06,630,car,unknown,NO
12:36:06,631,car,unknown,NO
12:36:07,632,car,unknown,NO
12:36:08,633,car,unknown,NO
12:36:08,634,car,unknown,NO
12:36:08,635,car,unknown,NO
12:36:09,636,car,unknown,NO
12:36:09,637,car,unknown,NO
12:36:09,638,car,unknown,NO
12:36:09,639,car,unknown,NO
12:36:09,640,motorcycle,unknown,NO
12:36:10,641,car,unknown,NO
12:36:10,642,motorcycle,unknown,NO
12:36:10,643,car,unknown,NO
12:36:10,644,motorcycle,unknown,NO
12:36:10,645,motorcycle,unknown,NO
12:36:10,646,motorcycle,unknown,NO
12:36:11,647,motorcycle,unknown,NO
12:36:11,648,motorcycle,unknown,NO
12:36:11,649,motorcycle,unknown,NO
12:36:11,650,motorcycle,unknown,NO
12:36:11,651,motorcycle,unknown,NO
12:36:17,652,car,unknown,NO
12:36:17,653,car,unknown,NO
12:36:17,654,car,unknown,NO
12:36:17,655,car,unknown,NO
12:36:17,656,car,unknown,NO
12:36:17,657,car,unknown,NO
12:36:17,658,car,unknown,NO
12:36:18,659,car,unknown,NO
12:36:18,660,car,unknown,NO
12:36:18,661,car,unknown,NO
12:36:18,662,car,unknown,NO
12:36:18,663,car,unknown,NO
12:36:18,664,car,unknown,NO
12:36:19,665,car,unknown,NO
12:36:19,666,car,unknown,NO
12:36:19,667,car,unknown,NO
12:36:19,668,car,unknown,NO
12:36:19,669,car,unknown,NO
12:36:19,670,car,unknown,NO
12:36:19,671,car,unknown,NO
12:36:20,672,car,unknown,NO
12:36:20,673,car,unknown,NO
12:36:20,674,car,unknown,NO
12:36:20,675,car,unknown,NO
12:36:20,676,car,unknown,NO
12:36:20,677,car,unknown,NO
12:36:20,678,car,unknown,NO
12:36:21,679,car,unknown,NO
12:36:21,680,car,unknown,NO
12:36:21,681,car,unknown,NO
12:36:21,682,car,unknown,NO
12:36:21,683,car,unknown,NO
12:36:21,684,car,unknown,NO
12:36:22,685,car,unknown,NO
12:36:22,686,car,unknown,NO
12:36:22,687,car,unknown,NO
12:36:22,688,car,unknown,NO
12:36:22,689,car,unknown,NO
12:36:22,690,car,unknown,NO
12:36:22,691,car,unknown,NO
12:36:23,692,car,unknown,NO
12:36:23,693,car,unknown,NO
12:36:23,694,car,unknown,NO
12:36:23,695,car,unknown,NO
12:36:23,696,car,unknown,NO
12:36:23,697,car,unknown,NO
12:36:23,698,car,unknown,NO
12:36:24,699,car,unknown,NO
12:36:24,700,car,unknown,NO
12:36:24,701,car,unknown,NO
12:36:24,702,car,unknown,NO
12:36:24,703,car,unknown,NO
12:36:24,704,car,unknown,NO
12:36:24,705,car,unknown,NO
12:36:25,706,car,unknown,NO
12:36:25,707,car,unknown,NO
12:36:25,708,car,unknown,NO
12:36:25,709,car,unknown,NO
12:36:25,710,car,unknown,NO
12:36:26,711,car,unknown,NO
12:36:26,712,car,unknown,NO
12:36:26,713,car,unknown,NO
12:36:26,714,car,unknown,NO
12:36:26,715,car,unknown,NO
12:36:26,716,car,unknown,NO
12:36:26,717,car,unknown,NO
12:36:27,718,car,unknown,NO
12:36:27,719,car,unknown,NO
12:36:27,720,car,unknown,NO
12:36:27,721,car,unknown,NO
12:36:27,722,car,unknown,NO
12:36:27,723,car,unknown,NO
12:36:28,724,car,unknown,NO
12:36:28,725,car,unknown,NO
12:36:28,726,car,unknown,NO
12:36:28,727,car,unknown,NO
12:36:28,728,car,unknown,NO
12:36:28,729,car,unknown,NO
12:36:28,730,car,unknown,NO
12:36:29,731,car,unknown,NO
12:36:29,732,car,unknown,NO
12:36:29,733,car,unknown,NO
12:36:29,734,car,unknown,NO
12:36:29,735,car,unknown,NO
12:36:29,736,car,unknown,NO
12:36:29,737,car,unknown,NO
12:36:30,738,car,unknown,NO
12:36:30,739,car,unknown,NO
12:36:30,740,car,unknown,NO
12:36:30,741,car,unknown,NO
12:36:30,742,car,unknown,NO
12:36:30,743,car,unknown,NO
12:36:30,744,car,unknown,NO
12:36:31,745,car,unknown,NO
12:36:31,746,car,unknown,NO
12:36:31,747,car,unknown,NO
12:36:31,748,car,unknown,NO
12:36:31,749,car,unknown,NO
12:36:31,750,car,unknown,NO
12:36:31,751,car,unknown,NO
12:36:32,752,car,unknown,NO
12:36:32,753,car,unknown,NO
12:36:32,754,car,unknown,NO
12:36:32,755,car,unknown,NO
12:36:32,756,car,unknown,NO
12:36:32,757,car,unknown,NO
12:36:33,758,car,unknown,NO
12:36:33,759,car,unknown,NO
12:36:33,760,car,unknown,NO
12:36:33,761,car,unknown,NO
12:36:33,762,car,unknown,NO
12:36:33,763,car,unknown,NO
12:36:33,764,car,unknown,NO
12:36:34,765,car,unknown,NO
12:36:34,766,car,unknown,NO
12:36:34,767,car,unknown,NO
12:36:34,768,car,unknown,NO
12:36:34,769,car,unknown,NO
12:36:34,770,car,unknown,NO
12:36:35,771,car,unknown,NO
12:36:35,772,car,unknown,NO
12:36:35,773,car,unknown,NO
12:36:35,774,car,unknown,NO
12:36:35,775,car,unknown,NO
12:36:35,776,car,unknown,NO
12:36:35,777,car,unknown,NO
12:36:36,778,car,unknown,NO
12:36:36,779,car,unknown,NO
12:36:36,780,car,unknown,NO
12:36:36,781,car,unknown,NO
12:36:36,782,car,unknown,NO
12:36:36,783,car,unknown,NO
12:36:37,784,car,unknown,NO
12:36:37,785,car,unknown,NO
12:36:37,786,car,unknown,NO
12:36:37,787,car,unknown,NO
12:36:37,788,car,unknown,NO
12:36:37,789,car,unknown,NO
12:36:37,790,car,unknown,NO
12:36:38,791,car,unknown,NO
12:36:38,792,car,unknown,NO
12:36:38,793,car,unknown,NO
12:36:38,794,car,unknown,NO
12:36:38,795,car,unknown,NO
12:36:38,796,car,unknown,NO
12:36:39,797,car,unknown,NO
12:36:39,798,car,unknown,NO
12:36:39,799,car,unknown,NO
12:36:39,800,car,unknown,NO
12:36:39,801,car,unknown,NO
12:36:39,802,car,unknown,NO
12:36:39,803,car,unknown,NO
12:36:40,804,car,unknown,NO
12:36:40,805,car,unknown,NO
12:36:40,806,car,unknown,NO
12:36:40,807,car,unknown,NO
12:36:40,808,car,unknown,NO
12:36:40,809,car,unknown,NO
12:36:41,810,car,unknown,NO
12:36:41,811,car,unknown,NO
12:36:41,812,car,unknown,NO
12:36:41,813,car,unknown,NO
12:36:41,814,car,unknown,NO
12:36:41,815,car,unknown,NO
12:36:42,816,car,unknown,NO
12:36:42,817,car,unknown,NO
12:36:42,818,car,unknown,NO
12:36:42,819,car,unknown,NO
12:36:42,820,car,unknown,NO
12:36:42,821,car,unknown,NO
12:36:43,822,car,unknown,NO
12:36:43,823,car,unknown,NO
12:36:43,824,car,unknown,NO
12:36:43,825,car,unknown,NO
12:36:43,826,car,unknown,NO
12:36:43,827,car,unknown,NO
12:36:43,828,car,unknown,NO
12:36:44,829,car,unknown,NO
12:36:44,830,car,unknown,NO
12:36:44,831,car,unknown,NO
12:36:44,832,car,unknown,NO
12:36:44,833,car,unknown,NO
12:36:44,834,car,unknown,NO
12:36:45,835,car,unknown,NO
12:36:45,836,car,unknown,NO
12:36:45,837,car,unknown,NO
12:36:45,838,car,unknown,NO
12:36:45,839,car,unknown,NO
12:36:45,840,car,unknown,NO
12:36:45,841,car,unknown,NO
12:36:46,842,car,unknown,NO
12:36:46,843,car,unknown,NO
12:36:46,844,car,unknown,NO
12:36:46,845,car,unknown,NO
12:36:46,846,car,unknown,NO
12:36:46,847,car,unknown,NO
12:36:46,848,car,unknown,NO
12:36:47,849,car,unknown,NO
12:36:47,850,motorcycle,unknown,NO
12:36:47,851,car,unknown,NO
12:36:47,852,car,unknown,NO
12:36:47,853,car,unknown,NO
12:36:47,854,car,unknown,NO
12:36:47,855,car,unknown,NO
12:36:48,856,car,unknown,NO
12:36:48,857,car,unknown,NO
12:36:48,858,car,unknown,NO
12:36:48,859,car,unknown,NO
12:36:48,860,car,unknown,NO
12:36:48,861,car,unknown,NO
12:36:48,862,car,unknown,NO
12:36:49,863,car,unknown,NO
12:36:49,864,car,unknown,NO
12:36:49,865,car,unknown,NO
12:36:49,866,car,unknown,NO
12:36:49,867,motorcycle,unknown,NO
12:36:49,868,car,unknown,NO
12:36:50,869,car,unknown,NO
12:36:50,870,car,unknown,NO
12:36:50,871,car,unknown,NO
12:36:50,872,car,unknown,NO
12:36:50,873,car,unknown,NO
12:36:50,874,car,unknown,NO
12:36:50,875,car,unknown,NO
12:36:51,876,car,unknown,NO
12:36:51,877,car,unknown,NO
12:36:51,878,car,unknown,NO
12:36:51,879,car,unknown,NO
12:36:51,880,car,unknown,NO
12:36:51,881,car,unknown,NO
12:36:51,882,motorcycle,unknown,NO
12:36:52,883,car,unknown,NO
12:36:52,884,car,unknown,NO
12:36:52,885,motorcycle,unknown,NO
12:36:52,886,motorcycle,unknown,NO
12:36:53,887,motorcycle,unknown,NO
12:36:53,888,motorcycle,unknown,NO
12:36:53,889,motorcycle,unknown,NO
12:36:53,890,car,unknown,NO
12:36:53,891,car,unknown,NO
12:36:53,892,motorcycle,unknown,NO
12:36:54,893,car,unknown,NO
12:36:54,894,car,unknown,NO
12:36:54,895,car,unknown,NO
12:36:54,896,car,unknown,NO
12:36:54,897,car,unknown,NO
12:36:54,898,car,unknown,NO
12:36:55,899,car,unknown,NO
12:36:55,900,car,unknown,NO
12:36:55,901,car,unknown,NO
12:36:55,902,car,unknown,NO
12:36:55,903,car,unknown,NO
12:36:55,904,car,unknown,NO
12:36:56,905,car,unknown,NO
12:36:56,906,car,unknown,NO
12:36:56,907,car,unknown,NO
12:36:56,908,car,unknown,NO
12:36:56,909,car,unknown,NO
12:36:57,910,car,unknown,NO
12:36:57,911,car,unknown,NO
12:36:57,912,truck,unknown,NO
12:36:57,913,car,unknown,NO
12:36:58,914,motorcycle,unknown,NO
12:36:58,915,truck,unknown,NO
12:36:58,916,car,unknown,NO
12:36:58,917,truck,unknown,NO
12:36:58,918,motorcycle,unknown,NO
12:36:59,919,truck,unknown,NO
12:36:59,920,truck,unknown,NO
12:36:59,921,truck,unknown,NO
12:36:59,922,truck,unknown,NO
12:36:59,923,truck,unknown,NO
12:36:59,924,truck,unknown,NO
12:36:59,925,car,unknown,NO
12:37:00,926,truck,unknown,NO
12:37:00,927,truck,unknown,NO
12:37:00,928,car,unknown,NO
12:37:00,929,car,unknown,NO
12:37:00,930,car,unknown,NO
